id,first_name,last_name,car,gender
1,Engracia,Petrik,Scion,2011
2,Rob,Knowlden,Mercedes-Benz,2008
3,Kristoforo,Ulyat,,
,Terza,Cottesford,Chevrolet,2011
5,Gaston,Bonson,Lotus,
6,Hercule,Culshaw,Chevrolet,2001
7,Florinda,Sheringham,Mercedes-Benz,
8,Phillipe,Grevile,Lamborghini,2012
9,Gena,Boast,,2006
10,Cynde,Lotte,Ford,
11,Phillipp,Graffin,Buick,
12,Mandie,Sikorski,Acura,2005
13,Douglass,Virr,,1987
14,Bary,Burlay,Acura,
15,Cindra,Sidlow,,1994
16,Karim,Pairpoint,BMW,2011
17,Franny,Mouncher,Volkswagen,1986
18,,,Buick,1998
,Dasi,Tanguy,Mazda,2003
20,,,Buick,2000
21,Marguerite,Yoskowitz,Ferrari,2009
22,Guthry,Burniston,Chevrolet,2005
23,Donnie,Crosfeld,Acura,2002
24,Rikki,Terrington,,2005
25,Marianne,Betje,Chevrolet,2011
26,Drucill,Clemow,GMC,1994
27,Doralyn,Prodrick,Chrysler,2005
28,Theo,Foggo,Lexus,2004
29,Coraline,Cracker,Toyota,2008
30,Steffie,Lempke,Daihatsu,1992
31,Port,Elcock,Mercedes-Benz,2011
32,Erika,Hunston,Land Rover,
33,Kendell,Loud,Maserati,2009
34,Jess,Manicom,Chevrolet,
35,Zebulen,Goard,Chevrolet,2004
36,Anna,Lacelett,Nissan,1994
37,Huntley,Heed,,1994
38,Corrie,Ricco,Cadillac,2007
39,Meyer,Lakeland,BMW,2003
40,Siouxie,Dielhenn,Ford,1995
41,Yasmeen,Lowdham,Maserati,2005
42,Angy,Moret,Mercedes-Benz,
43,Andrej,Johanchon,Dodge,2011
44,Celia,Boise,Infiniti,1996
45,Thibaud,Bedham,Plymouth,1998
46,Everett,Joder,Ford,1974
47,Khalil,Yanshin,Land Rover,2012
48,Robers,Arckoll,Infiniti,2009
49,Devi,Jearum,BMW,
50,Erhard,Seadon,GMC,2012
51,Judon,Guillond,Saturn,
52,Kinny,Augustus,Ford,
53,Brandon,Stegel,Toyota,1996
54,,,Subaru,2007
55,,,Toyota,1994
56,Trever,Dust,Isuzu,2001
57,Winnifred,Klesel,Chevrolet,
58,Victor,Saggers,Lincoln,1990
59,Karen,Sevior,Mercedes-Benz,
60,Chiquita,Pirnie,Chrysler,1994
61,Mignon,Prestige,Ford,1987
62,,,Acura,1999
63,Martelle,Barrat,Mitsubishi,2007
64,Beilul,Pinchin,,2006
65,Bent,Bools,Mitsubishi,2002
66,Phaedra,Pearton,Lexus,2010
67,Beitris,Cubbon,Volkswagen,2011
68,Wrennie,Stainson,,2007
69,Reynolds,Baddeley,,1996
70,Fredericka,Ingrem,Mazda,1991
71,Cyndy,Malone,Dodge,2000
72,Mayor,Sandeland,,2007
73,Ernest,Bloodworthe,GMC,
74,Kala,Mart,Buick,
75,Cristiano,Grinter,Pontiac,1967
76,Cristionna,Ehlerding,Honda,1997
77,Gwen,Dashkov,Saturn,2009
78,Lockwood,Linggood,Nissan,
79,Vivian,Bunclark,Lincoln,1995
,Fidela,Lamberts,Volvo,2008
81,Reena,Gethings,Subaru,1987
,Keith,Altamirano,Mazda,2009
83,Mickey,Tolson,Ford,1997
84,Caresa,Neild,Dodge,
85,,,Mercedes-Benz,2009
86,Rosette,Petrovsky,Mitsubishi,
,Gwenny,Ollie,Dodge,2010
88,Reinhard,Ackerley,Pontiac,2010
89,Brenden,Dyball,Dodge,2000
90,Lotta,Theakston,Ford,2005
91,Marta,Slamaker,Jeep,2012
92,Maren,Martin,Lamborghini,2008
93,Flory,Dash,Hummer,1997
94,Leonardo,Mulqueeny,Mercedes-Benz,2008
95,Giorgi,Holdron,Oldsmobile,2002
96,Margie,Knight,Ford,2008
97,Adelle,Chatburn,,2002
98,Willi,Battany,,
99,Saidee,Gilvear,Hyundai,2000
100,Bamby,Parmby,Kia,2009
101,Patience,Celand,,1999
102,Lionel,Ransom,Dodge,
103,Cairistiona,Tate,Ford,1993
104,,,Ford,1996
105,Osmund,Petrakov,Chrysler,2008
106,Cynde,Silverwood,Chrysler,
107,Georgeta,Wallenger,Jaguar,2005
108,Reta,Tansley,Ford,1991
109,Silvie,Brizell,Audi,2010
110,Mufi,Kinnie,Land Rover,1993
,Jaymee,O'Cannovane,GMC,2009
112,Terri,Argontt,Pontiac,2001
113,Hadlee,Carpe,Land Rover,2001
114,Krysta,Poulglais,Lexus,2003
115,Oralle,Merit,,2001
116,Frazier,Roeby,Mazda,2003
117,Cinda,Windeatt,GMC,2008
118,Doloritas,Fegan,Jeep,2006
119,Ches,Twitchings,Buick,2004
120,Juline,Canland,Land Rover,
121,Emmet,Bauckham,Jaguar,2004
122,Belinda,Pauling,Ford,2001
,Karlyn,Iddenden,Buick,1992
124,Bradan,Veldstra,Lincoln,
125,Blakelee,Barbier,Saab,1997
126,,,Oldsmobile,1995
127,Rurik,Knocker,Volkswagen,1995
128,Horton,Halsted,Ford,1994
129,Ring,Cristobal,Lexus,2003
130,Annalise,Filtness,Subaru,2005
131,Janna,Kurth,Mercury,
132,Georgia,Filoniere,Cadillac,1995
133,Daffy,Gagg,Mazda,1993
134,Marylee,Gaughan,,2012
135,Lanna,Jorez,GMC,2005
136,Dev,Upston,,2007
137,Joletta,Weyland,Pontiac,1997
138,Valaria,End,Chrysler,1998
139,Elfreda,Merrien,,2006
140,Valma,Froschauer,Buick,1992
141,Herold,Cosbee,Volvo,2008
142,Pier,Angove,Ford,
143,Tiffie,Hanton,Saturn,2008
144,Blinnie,Bolter,Saturn,2003
145,Dorie,Conelly,Chevrolet,2013
146,Angelo,Ferentz,Chevrolet,2011
147,Bernetta,Aimson,Toyota,2009
148,Aloysia,Humerstone,Ford,1992
149,Delaney,Sclater,Mercury,2002
150,Krystal,Lightowler,Volvo,
151,Seline,Toffaloni,Toyota,1996
152,Goldy,Bamling,Hillman,1950
153,Monika,Rutty,Geo,1995
154,Johannah,Antecki,Chevrolet,
,Rosamund,Roblou,Dodge,2005
156,Rosina,Beathem,Mercedes-Benz,1992
157,Alessandro,Bampford,Dodge,2005
158,Bili,Spalding,Mazda,
159,Stephana,McFater,Honda,1990
160,Carleen,Darrigoe,Suzuki,1995
161,Dorette,Giffon,Lincoln,2009
162,Gibb,Windous,Infiniti,
163,Johnathan,Wash,Chevrolet,2010
164,Earvin,Reace,GMC,1995
165,Elle,Bengtsen,,2009
166,Hew,Daoust,,2002
167,Hally,Eyckelberg,,2004
168,Ros,Denis,Ford,1995
169,Karlene,Aleksich,Lexus,2003
170,Doralin,Dunbobin,Honda,1992
171,Stefan,Sleath,Acura,2003
172,Orville,Coxwell,Infiniti,2003
173,Cheslie,Olrenshaw,Toyota,2001
174,Zeke,Odcroft,Dodge,
175,Ignatius,Dursley,Suzuki,1994
176,Brandy,Sartain,Buick,1992
177,Willey,Larroway,Volvo,2009
178,,,Volkswagen,1990
179,Diann,Bulcock,Cadillac,2007
180,Palm,Paulo,Acura,2000
181,Giovanna,Caddie,Ford,2011
182,Fraser,Van der Kruis,Land Rover,
183,Earlie,Aylen,Mitsubishi,1984
184,Amby,Bradburn,Mercedes-Benz,1992
185,Wyatt,Gartrell,Toyota,2011
186,Hugues,Gregersen,Volkswagen,1995
187,Marylinda,Nettleship,Mitsubishi,1988
188,Mackenzie,Davage,Chrysler,2001
189,Elbertina,Keling,Chevrolet,
190,Ingemar,Ollerenshaw,Mitsubishi,
191,Trey,Schlagtmans,,1999
192,Rani,Ivimy,Oldsmobile,
193,Merla,Fettis,Hyundai,2001
194,Ninetta,Redwood,Isuzu,1997
195,Godard,Martynov,Toyota,1999
196,Sigrid,Borris,Hyundai,2003
197,Alasdair,Baltrushaitis,Chevrolet,
198,Gwendolen,Moubray,Daewoo,2000
199,Trey,Bigglestone,Volkswagen,1987
200,Carolynn,Shemilt,Chevrolet,2003
201,Roxi,Ison,Ford,2011
202,Roana,Rizzardi,GMC,1998
,Sile,Eckley,Lexus,2004
204,Henri,Andriss,Buick,1995
205,Austin,Munt,Chevrolet,
206,Chane,Britton,Mercury,1999
207,Lilyan,Castenda,,1990
208,Klement,Legister,Ford,1983
209,Damara,Batham,Honda,
210,Deni,Jolliss,Lexus,2006
211,Shantee,Scopyn,Chevrolet,1998
212,Dmitri,Brabant,Mitsubishi,1993
213,Christoforo,Shilling,Chevrolet,2009
214,,,GMC,2006
215,Carrie,Hambatch,Lincoln,2004
,Megan,Carlesi,Chevrolet,2012
217,Michaela,Curzey,Audi,1996
218,Blaine,Kall,Pontiac,
219,Wenona,Kalvin,Subaru,
220,Nicoline,Rigeby,GMC,2003
221,Linzy,Manuello,Nissan,
222,Maddie,Creevy,GMC,1999
223,Chandler,Pugsley,Saab,2006
224,Conny,Pauletti,Mitsubishi,2008
225,Karel,Jowle,Mazda,1987
226,Daisy,Stuther,Lincoln,2000
227,Fin,Greatland,Pontiac,
228,Aguistin,Corain,Dodge,1997
229,Tomkin,Caple,Suzuki,2001
230,Hillie,Christon,Ford,2011
231,Eugenia,Isbell,,1989
232,Rossy,Starie,Honda,2003
233,Glennie,Bertelsen,Chrysler,2001
234,Sharia,Arderne,Ford,2005
235,Erasmus,Mehaffey,Acura,2002
236,Nadya,Edlington,Buick,2005
237,Giorgi,Eckley,Porsche,
238,Orazio,O'Connor,Chevrolet,2008
239,Garrott,Piechnik,Mercury,2002
240,,,Buick,
241,Michal,Tinker,Mazda,1989
242,Linet,Biaggiotti,Geo,1995
243,Terry,Konerding,Kia,
244,Stillman,Sudworth,Acura,2010
245,Broderick,Fryett,Chevrolet,1998
246,Felipe,Coase,Ford,1990
247,Tabb,Venning,Honda,2011
248,Stanislaw,Emsden,Hyundai,2013
249,Frasier,Vasin,Suzuki,
250,Nevins,Terrans,Mercury,1993
251,Rachelle,Pietri,Isuzu,2007
252,Ryan,Desporte,Pontiac,
253,Mercie,Vibert,Dodge,2009
254,Ellswerth,Ewert,Mercedes-Benz,2007
255,Bendicty,Keetch,,2003
256,Rodolphe,Porter,Acura,
257,Myrlene,Chalker,Audi,2001
258,Lucia,Lobley,GMC,2005
259,Betta,Martynikhin,Jaguar,2005
260,Natal,McNuff,,2010
261,Jorge,Cruwys,Chevrolet,1998
262,Silvana,Cossentine,Hyundai,2012
263,Stanfield,Dedden,Mercedes-Benz,2004
264,Rudolph,Maylour,Nissan,2001
265,Viviana,Davydzenko,Chevrolet,1957
266,Anny,Wherrett,Mercedes-Benz,2007
267,Almire,Claibourn,Volkswagen,1989
268,Brianna,Dietzler,Ferrari,2011
269,Giorgio,Snowman,Mazda,1995
270,Anneliese,Murrhaupt,Audi,2011
271,Edouard,Dullingham,,1995
272,Tammy,Stapley,Pontiac,
273,Twyla,MacKereth,Mazda,1998
274,Trev,Fitter,Volvo,
275,Leontyne,Cottey,Acura,2010
276,Vinnie,Bielby,Mercedes-Benz,2007
277,Sioux,Worton,Volkswagen,
278,Hurley,Orgill,,2002
279,Donnie,Rummer,Jensen,
280,Neala,Saddler,Chevrolet,
281,Warner,Sterland,,1997
282,Emmalee,O'Harney,,1989
283,Johannah,Gallyhaock,Honda,2011
284,Emiline,Lewsam,,2005
285,Valentijn,Larmor,Chevrolet,2011
286,Melisenda,Wilshin,Acura,2003
287,Lonnard,Roseaman,Jeep,2011
288,Madel,Lethby,,1998
289,Baudoin,Bagguley,Pontiac,1990
290,Reube,Royans,Mercedes-Benz,1999
291,Danie,Caillou,Geo,1994
292,Gale,Sansom,BMW,
293,Konstantine,Seel,Pontiac,
294,Lisa,Sleite,,2003
295,Murry,Farncomb,Volkswagen,2007
296,Koralle,Viney,Geo,1997
297,Jyoti,Hartill,Mazda,2006
298,Jonah,Huguet,Pontiac,1988
,Olivie,Jiroudek,,2011
300,Emma,Dilloway,Chrysler,2000
301,Herta,Ellett,Toyota,2004
302,,,GMC,2005
303,Clyve,Borham,Mazda,1993
304,Felike,Blinkhorn,Toyota,2002
305,Man,Goodnow,BMW,2006
306,Tilly,Haxby,Nissan,2003
307,Violet,Cuss,Ford,2004
308,Clement,Kisbey,Lotus,1992
309,Ardis,Klinck,Toyota,
310,Pattie,Franzoli,GMC,1999
311,Kissie,Ramberg,,2012
312,Ammamaria,Koch,Chevrolet,2012
313,Aldin,MacConnal,Nissan,2011
314,Tiphanie,Linstead,Chevrolet,
315,Courtney,Sibthorp,BMW,2011
316,Antin,Cumberledge,,1996
317,Vasili,Nissle,Lamborghini,1997
318,Isidora,Ubee,Maybach,2011
319,Lyell,Philliphs,GMC,
320,Yettie,Edscer,Buick,1995
321,Neely,Doylend,Toyota,
322,,,Scion,2012
323,Ruperta,Giblin,Chevrolet,
324,,,,2007
325,Olivia,Dawe,Subaru,1993
326,Daffi,Aylin,Porsche,2012
327,Judd,Lapping,Pontiac,2001
328,Donna,Scorah,,2002
329,Gussy,Margerison,Chevrolet,2011
330,Guillemette,Grout,Mercedes-Benz,2001
331,Nettle,Iorizzo,Chevrolet,
332,Laurene,Handy,Nissan,
333,,,Ford,1987
334,Mattie,Yesson,Aston Martin,
,Maxwell,Ende,Mercedes-Benz,2012
336,Adrea,Madine,GMC,
337,Jasmin,Hefner,Acura,2006
338,Maire,Greenhow,Honda,
339,Brigg,Carnachen,Suzuki,1996
340,Dennet,Semens,,2009
341,Fawne,Tesmond,Chevrolet,2010
342,Kristina,Gladhill,Mercury,1987
343,Phillip,Kezar,Buick,2005
344,Ginger,Alvey,Volkswagen,1996
345,Helen-elizabeth,McKinna,Mitsubishi,
346,Ethel,Demangeot,MINI,2011
347,Abel,Bolsover,BMW,2002
348,Stavro,Weine,Honda,1999
349,Teri,Barensky,Aston Martin,
350,Maryl,Weatherhogg,,2001
351,Magdalena,Plampeyn,Ford,2009
352,Stephi,Barczewski,Audi,1989
353,Corinna,Barstock,,1995
354,Margi,Hursey,,2003
355,Harley,Sambath,Mitsubishi,
356,Laureen,Asling,Chevrolet,2003
357,Isahella,Iapico,,1999
358,Bastian,Baldinotti,Chevrolet,
359,Merwin,Guidera,Audi,2004
360,Merlina,MacAvaddy,Land Rover,2010
361,Bernadina,Tumayan,Chevrolet,1994
362,Lancelot,Mantione,Ford,1998
363,Riane,Galiford,Land Rover,1999
364,Shalna,Caurah,Acura,
365,Waldemar,Handasyde,Ford,2004
366,Vivian,Frankema,Ford,2009
367,,,Nissan,2004
368,Colan,Ruoff,,1993
369,Cullie,Butrimovich,Acura,2003
370,Arley,Galer,Chevrolet,
371,Hailey,Luparti,Subaru,2009
372,Carr,Bampfield,Mercedes-Benz,2009
373,Kerby,Elcocks,Chevrolet,2004
374,Almeda,Dansey,Audi,1992
375,Kori,Leynham,Infiniti,2012
376,Gae,Wisedale,,2008
377,Correy,McKennan,Pontiac,2001
378,Sanderson,Plumbley,Mitsubishi,1992
379,Kora,Munns,Pontiac,1965
380,Regen,Sumbler,Chevrolet,2004
381,Ronalda,Bartul,,
382,Tadeo,Corcut,Maserati,1989
383,Aline,MacPhaden,BMW,
384,Jacky,Malone,Volkswagen,
385,Rea,Deniskevich,Ford,2001
386,Alejoa,Flear,Hyundai,
387,Dominique,Daykin,Volvo,2006
388,,,Mitsubishi,1999
389,Lock,Asple,Lexus,2008
390,Codie,Cardero,Cadillac,2006
391,Aguie,Brusle,Mercury,1993
392,Ardith,Shay,,1999
393,Doralin,McMorran,Infiniti,1996
394,Graig,Leggett,Toyota,
395,Kathleen,Matuszewski,Dodge,
396,Maurizio,Puddefoot,Bentley,2005
397,Raffaello,Friedman,Ford,2003
398,Dare,Dale,,2008
399,Noam,Georgot,,1999
400,Fowler,Revie,Ford,1992
401,Ezra,Karoly,Mitsubishi,2003
402,Brunhilda,Groom,Lexus,2007
403,Wallas,Dunbabin,Pontiac,
404,Candace,Castagnaro,Land Rover,1986
405,Boone,Bassford,Ford,2001
406,Berrie,Costley,Bentley,2008
407,Iain,Rowsell,Pontiac,1993
408,Carver,Barkworth,Chevrolet,1997
409,Erhard,Rosterne,BMW,
410,Franklyn,Hamel,Toyota,2009
411,Roi,Reitenbach,,1993
412,Travers,Clelle,,2000
413,Lexi,Mortell,Mercedes-Benz,1988
414,Reinaldo,Gaskoin,BMW,2007
415,Nadya,Dunnet,Lotus,
416,Sharleen,Eatherton,Volkswagen,1985
417,Ertha,Gasking,Chevrolet,2007
418,Louis,Beccero,Subaru,1990
419,Travus,Heyburn,Subaru,2008
420,Teri,Malloy,Chevrolet,2007
421,Theda,Pleming,Volkswagen,1989
422,Malvina,O'Rourke,Suzuki,1993
423,Sallie,Medgewick,Pontiac,
424,Vittorio,Trace,GMC,2012
425,Sisile,Duckinfield,Chevrolet,2011
426,Gorden,Ivermee,GMC,1996
427,Cathee,Lumsdon,Nissan,2012
428,Gardner,Ironmonger,Dodge,
429,Lil,Vickers,Land Rover,2005
430,Dudley,Matschoss,,
431,,,Honda,1994
432,Kristofer,Hinkes,Mercedes-Benz,2008
433,Ivan,Shakshaft,Jeep,2010
434,Lyndsay,Alessandone,Dodge,1999
435,Eugen,Iacovielli,Toyota,1996
436,Haze,Rallings,Plymouth,1992
437,Jules,Shermore,Toyota,2005
438,,,Pontiac,1968
439,,,Ford,2001
440,Didi,Andrzejczak,Chrysler,2003
441,Gavin,Jacquest,Nissan,2012
442,Liv,Tall,Volkswagen,1967
443,Ailene,Petracci,Volvo,
444,Marmaduke,Cromleholme,,
445,Karyl,Pescott,Dodge,1996
446,Kurtis,Mazzia,Nissan,2003
447,Aldis,Oleszczak,GMC,1999
,Pall,Pollitt,Ford,
449,Joaquin,Philimore,Acura,1998
450,Delores,Hue,Toyota,
451,Simeon,Gummoe,Mitsubishi,1989
452,Annie,Kegley,Volvo,2004
453,Pooh,Mingay,GMC,2009
454,Maddalena,Harbron,Ford,
455,Cordelia,Waterman,Pontiac,1974
456,Lurline,Millership,Mitsubishi,2007
457,Ilyssa,Scowcraft,Mercedes-Benz,1991
458,Edee,Corrado,Ford,
459,Win,Duerden,Ford,2003
460,Sondra,Snadden,Volkswagen,2001
461,Clevie,Jeanes,Audi,2010
462,Everard,Puckham,,2010
463,Sansone,Shailer,Mercury,
464,,,Ford,1995
465,Gilburt,Doutch,Nissan,2006
466,Chester,MacVanamy,Ford,
467,Marga,Lakenden,Aston Martin,
468,Libbi,Chugg,Ford,2008
469,,,Toyota,2011
470,Fallon,Fauguel,Hyundai,2008
471,,,Chevrolet,
472,Karlan,Wynrehame,Chevrolet,1996
473,Berty,Badland,Lotus,1995
474,Brandy,Benallack,Volkswagen,2008
475,Nicolai,Trevithick,Lincoln,2003
476,Lilli,Longhorn,Lamborghini,2006
477,Lauretta,Peaden,Chrysler,
478,Alaric,Moules,GMC,
479,Beale,Pavinese,Jaguar,
480,Mamie,Jendrassik,Lotus,1991
481,Hyatt,Simmans,Mercury,2000
482,Ina,Cheak,,1986
483,Viola,Ballam,Lexus,1999
484,Emlyn,Antonik,Dodge,2003
485,Jamie,Banner,Pontiac,1998
486,Lil,Buckner,,2005
487,Yolande,Thow,Toyota,
,Shelagh,MacKomb,Lexus,2002
489,Winifield,Havesides,Lexus,
490,Jeth,Haistwell,Pontiac,1978
491,Kimberley,Isson,Porsche,
492,,,Audi,
493,Adelina,Iannazzi,Chevrolet,1993
494,Rachelle,Riding,Honda,2008
495,Gram,Esmonde,Chrysler,2005
496,Roberto,Mattessen,Kia,2010
497,Baily,Stanfield,Mercury,1985
498,Clarabelle,Mutimer,Nissan,1993
499,Hunter,Josefer,Suzuki,1993
500,Oralia,Jakoubec,Subaru,1995
501,Burch,Scardafield,Mazda,1992
502,Brandy,Rumens,Chevrolet,
503,Seward,Simukov,Subaru,2009
504,Thane,Penhearow,,2002
505,Dosi,Quarrell,,2001
506,Tracie,Campsall,Eagle,1998
507,Harriette,Grugerr,Pontiac,1984
508,Erma,Labrenz,GMC,2002
509,Harmon,De Vaux,,1994
510,Sonny,Curling,Saturn,2007
511,Ingrid,Marples,,1993
512,Magdalena,Seery,Land Rover,1994
513,Hobey,Reston,Chevrolet,
514,Candi,Semeniuk,Ram,2011
515,Brendan,Kosiada,Toyota,2008
516,Magdalena,Pollock,Mazda,1997
517,Ola,Cutajar,Pontiac,1997
,Franchot,Jannings,Mitsubishi,1995
519,Michele,Dracey,,2006
520,Aryn,Pendre,Hyundai,2011
521,Gabriele,Stentiford,Plymouth,1993
522,Francene,Ashcroft,Honda,2012
523,Livia,Kemetz,Mercury,1997
524,Ezri,Gorce,Nissan,1995
525,,,Dodge,2009
526,,,Mazda,
527,Lilli,Houseman,,
528,Darryl,Pinkard,Oldsmobile,
529,Buddie,Haller,Mercedes-Benz,2003
530,Perkin,Damerell,Volkswagen,1994
531,Adella,Haslock,Mercury,1990
532,Son,Acheson,Mercedes-Benz,2006
533,Bertrand,Putley,Chrysler,1995
534,Wat,Heibel,BMW,2003
535,Nerita,Heard,,1998
536,Jordana,Breese,BMW,2003
537,Michaelina,Matusovsky,Mazda,2003
538,Tarrance,Trainer,Lincoln,
539,Carolan,Ruse,Oldsmobile,1996
540,Judie,Trumper,Acura,2003
541,Georgena,Syphas,,2009
542,Cherin,Filasov,Pontiac,1994
543,Tobye,Lees,Mercury,1999
544,Codie,Ranstead,,1994
545,Jarrid,Cridlin,Nissan,2010
546,,,Buick,1987
547,Arte,Frank,Subaru,1996
548,Bette,O'Concannon,Buick,1999
549,Darcy,Arnli,Ford,1997
550,Sheelagh,Castelyn,Dodge,
551,Pauletta,Charle,Ford,1998
552,Nata,Meddows,Mitsubishi,1993
553,Raimundo,Denecamp,Mercedes-Benz,1993
554,Sindee,Pruce,,2000
555,Candis,Cridland,Geo,1996
556,Eartha,Pakenham,Audi,2010
557,Fidole,Setchfield,Maybach,
558,Jenny,Edinborough,Ford,1972
559,Merrile,Gonnard,Aptera,2010
560,Willy,Pawelski,Ford,2012
561,Keefer,Niblock,Chrysler,2004
562,Lynette,Churchin,Hyundai,2008
563,Gail,Durrand,GMC,2004
564,Bradan,Cuming,Buick,1979
565,Rab,Ovanesian,BMW,
566,Paulie,Yellowlee,Chevrolet,2000
567,Rey,Jeff,Hummer,2009
568,Val,Armiger,Mitsubishi,
569,,,Mercury,1992
570,Rosalie,Jewkes,,
571,Ahmed,Binstead,Mazda,1996
572,Mindy,Allen,Toyota,1997
573,Belva,Learoyde,Mazda,2008
574,Grayce,Voisey,Nissan,1992
575,Falito,Shallcrass,,2001
576,Raymond,Borghese,Cadillac,1997
577,Barclay,Pherps,Ford,1988
578,Zena,Bartol,GMC,2011
579,Mufinella,Alelsandrowicz,Chevrolet,2004
580,Conny,Disney,Volvo,2007
581,Danya,Stilling,Oldsmobile,1992
582,Karena,Gonzalez,,
583,Elwyn,Ganforth,Chevrolet,
584,Lynnette,Bewicke,Mercedes-Benz,2006
585,Ellsworth,Hess,,2011
586,Brunhilda,Thoumas,Toyota,2011
587,Pattie,Drowsfield,GMC,1998
588,Sawyer,Flanigan,,2012
589,Roderic,Haughan,Nissan,
590,Andris,Traviss,Daewoo,2001
591,Georgy,Toffolo,Acura,2003
592,Noam,Livingston,Mitsubishi,
593,Gnni,Marousek,Volkswagen,2009
594,Ericka,MacClure,Lexus,1995
595,Willette,Saull,GMC,
596,Cathryn,Drinkwater,Isuzu,2002
597,Rey,Barok,Kia,2007
598,Shea,Daniels,Pontiac,
599,Garry,McCambridge,Toyota,
600,Bennie,Stockau,Ford,
601,Minnie,Jurzyk,Volkswagen,2009
602,,,Pontiac,1983
603,Malva,Ledgard,Ford,2005
604,Burnaby,Irnys,Buick,1988
605,Holli,Sneesby,Mazda,1998
606,Desiri,Petheridge,Mercedes-Benz,2005
607,Adrien,Bispo,Maserati,2005
608,Nicholas,Beynke,Jeep,
609,Hilarius,Buchan,Land Rover,1995
610,Trudey,MacKim,Chevrolet,
611,Erwin,Pichmann,Buick,1993
612,Clayton,Saur,,
613,Kenny,Tapner,Audi,2011
614,Elmore,Enderle,,
615,Griselda,Pickard,,1986
616,May,Kimmons,Infiniti,2011
617,Mikel,Mellem,Isuzu,2007
618,Mame,Riddle,BMW,2003
619,Teresa,Pelerin,,2007
620,Carita,Pardy,Mercedes-Benz,2009
621,Curtice,Burnell,Mercedes-Benz,1990
622,Randell,Drummer,,2012
623,Friederike,Dat,Lincoln,
624,Elmira,Reynish,Chevrolet,2011
625,Thorstein,Ceaplen,Oldsmobile,1999
626,Pam,Crackett,,2012
627,Dannye,Hatterslay,Mercury,
628,Sela,Glen,,1997
629,Giana,McKechnie,Dodge,2003
630,Alison,Melliard,Chevrolet,2004
631,Filberte,Potier,Kia,1995
632,Brook,Bloys,Saab,2011
633,Nannie,Stevings,,
634,Kalle,Osban,Ford,1987
635,Elke,Bucklee,GMC,1998
636,Chuck,Classen,Land Rover,2006
637,Benyamin,Antonikov,Dodge,2003
638,Niven,Treat,,2010
639,Zebulon,Wibrow,Chevrolet,
640,Myrlene,Bartali,Dodge,
641,Madelina,Macari,Chevrolet,2004
642,Guglielma,Thripp,GMC,2001
643,Hester,Hadcroft,Chevrolet,2012
644,Leonore,Pawlik,Ford,2005
645,Cloris,Elcomb,Dodge,1994
646,Andria,Padbery,Volkswagen,1996
647,Say,Weddup,Chevrolet,
648,Tally,Fitzhenry,Kia,2002
649,Rosemarie,Calkin,Mitsubishi,1994
650,Brigid,Gerrit,Mazda,
651,Ottilie,Swindin,Mercedes-Benz,
652,Allix,Yashaev,Chevrolet,
653,Brande,Kuhnert,Saturn,2008
654,Stavro,Klaesson,Isuzu,
655,Koo,Barhem,Dodge,2011
656,Delmer,Meys,Chevrolet,1993
657,Dulci,Nice,Chrysler,2007
658,Tamma,Bootton,Dodge,1999
659,Cristin,Lerwill,Pontiac,1968
660,Tammie,Rickwood,Pontiac,2002
661,,,Bentley,2010
662,Briano,Pren,MINI,2009
663,Nataline,Matteini,Ford,1996
664,Waylon,Wake,,1999
665,Inessa,Merrington,Ford,1993
666,Sharlene,Diche,Acura,
667,Emmalynne,Boshard,Chevrolet,2002
668,Alysia,Aldridge,Infiniti,2012
669,Natala,Willoughey,GMC,
670,Eleonora,Blockey,Subaru,1991
671,Skip,Troth,Mazda,2003
672,Damian,Laughren,GMC,2012
673,Camilla,Endean,Fillmore,1960
674,Bella,McConnachie,Hyundai,
675,Odille,Bergeau,Volvo,2000
676,Denise,Sahnow,Audi,1991
677,Isabelle,Bernardot,Lamborghini,
678,Holt,Westmancoat,Toyota,2006
679,Monte,Vaulkhard,Mitsubishi,
680,Lenci,Gaish,BMW,
681,Rockwell,Coffelt,GMC,
682,Leann,Riccard,Subaru,1985
683,Gabie,MacConnell,Volkswagen,2002
684,Barnabas,Strood,Infiniti,2010
685,Mollee,Rittmeier,Mazda,2012
686,Maximilianus,Lydford,Oldsmobile,1996
687,Dominick,Jiroutka,,2010
688,Bondy,Cleynaert,Infiniti,2011
689,Marthena,Pratt,Chevrolet,2007
690,Salvador,Brickhill,Subaru,1992
691,Sayer,Bertlin,Volkswagen,1991
692,Wyn,Bedding,BMW,1996
693,Edita,Blaksley,Dodge,2000
694,Skippy,Waylett,BMW,2004
695,Maje,Assante,Lamborghini,2007
696,Murray,Tuplin,,2002
697,Paige,Idill,Lexus,2003
698,Maximilian,Stephens,Dodge,1992
699,Talya,Nolot,Honda,1996
700,Sunshine,Leigh,Ford,
701,Margarita,Precious,Hyundai,1994
702,Ferdinand,Vasilic,Dodge,1994
703,Ardene,Pawson,Mitsubishi,1997
704,Blondie,Addinall,Scion,
705,Barney,McGuiney,Mitsubishi,2009
706,,,Volkswagen,1992
707,Matthus,Sowray,Volkswagen,1989
708,Dallis,Bartens,Mitsubishi,1989
709,Eustacia,Sagrott,GMC,2002
710,Berny,Renzullo,Lexus,2013
711,Somerset,Chesley,Geo,1997
712,Bail,Forty,Hyundai,1995
713,Ferne,Favelle,Chevrolet,
714,,,Mazda,
715,Rosalie,Bathow,Mercedes-Benz,
716,Pier,Flower,GMC,2004
717,Jeanie,Wafer,,2002
718,Wald,Riccetti,Chevrolet,
719,Arlena,Samart,Volkswagen,1992
720,Donnie,Gourlay,,2001
721,Stefano,Haxley,Mercury,1999
722,Cyndi,Cawthorn,Audi,
723,Patti,Cawthorn,,2006
724,Claiborn,Greenhouse,,2010
725,Sara-ann,Halsworth,Ford,
726,Morse,Duckworth,Chevrolet,2005
727,Sheff,Scoates,Isuzu,
728,Farr,Delve,Volvo,1998
729,Clo,Olczak,Ford,
730,Antonie,Grayshan,Isuzu,
731,Glynn,Hyder,Chevrolet,
732,Rubi,Doblin,Suzuki,1993
733,Bernetta,Hulke,Ford,
734,Gayleen,Bundey,Saturn,2005
735,,,Dodge,1996
736,Guss,Grundwater,Mercedes-Benz,2010
737,Andros,Hillborne,Chevrolet,2003
738,Arlan,Murthwaite,Honda,2009
739,Gerardo,Haversham,Chevrolet,2006
740,Deni,Bonnier,Mitsubishi,2003
741,Kennith,Willingham,Infiniti,2003
742,Moishe,Reach,Ford,
743,Dulcia,Matteini,Honda,2002
744,Gaile,Odd,Dodge,2010
745,Clem,Seymark,Ford,1988
746,Cathyleen,Blunsden,Nissan,2000
747,Linoel,Buttfield,Pontiac,2008
748,Jeremy,Yallop,,1991
749,Ashlen,Bridgeland,Volvo,2010
750,Carlin,Bridgestock,Audi,
751,Starlene,Jorn,Chevrolet,1998
752,Blinnie,Caddock,Mazda,1988
753,Kellia,Barrott,Chevrolet,
754,Lara,Pyatt,Porsche,2003
755,Salome,Seath,Lotus,2006
,Wash,Mewes,,1993
757,Fredrick,Kobu,Cadillac,2012
758,,,Pontiac,2004
759,Cullin,Drage,Chevrolet,1995
760,Catlaina,Goater,Lexus,2010
761,Alexis,Broz,Lexus,1998
762,Tracey,Badland,Lincoln,
763,Antoinette,Ceaplen,,2005
764,Derward,MacGillicuddy,Chevrolet,1975
765,Corena,Edes,Mazda,1993
766,Janelle,Blench,,1996
767,Thane,Kohnert,Kia,2006
768,Iorgo,Janusz,Ford,
769,Federico,Eastcourt,Saab,1984
770,Farrel,Varney,Mercedes-Benz,
771,Abbe,West-Frimley,Mitsubishi,2005
772,Marcelline,Grabiec,Nissan,2009
773,Hester,Fairfoull,Dodge,1998
774,Randolf,Mattersey,Dodge,2000
775,Cordy,Moulsdall,,1990
776,Timofei,Pester,Bentley,2010
777,Melisenda,Gerssam,Pontiac,1994
778,Bendite,Bazek,Mercedes-Benz,2003
779,Herbert,Castagnet,Subaru,2002
780,Stella,Domke,Mercury,1991
781,Jessalin,Stranaghan,Dodge,1995
782,Renata,Beacom,Dodge,
,Selene,Larrett,Infiniti,
784,Bram,Smewin,Ford,
785,Leonerd,Gardener,,2007
786,Neel,Monkleigh,Volkswagen,1991
787,Malinda,Ferroli,Toyota,1986
788,Velvet,Holme,BMW,
789,Aurore,Lammerding,GMC,1999
790,Yolanthe,Belz,MINI,2012
791,Vivie,Manolov,Suzuki,2012
792,Nicoli,Lohrensen,Porsche,1988
793,Becky,Hacquard,Dodge,2005
794,Anastasia,Criag,,2001
795,Cchaddie,Siney,Dodge,2006
796,Raddie,Hawley,Pontiac,
797,Isak,Djakovic,Mitsubishi,2009
798,Fitz,Bletsor,Toyota,
799,Kirby,Low,Mercedes-Benz,1996
800,Sibelle,Pero,Nissan,2002
801,Guilbert,Creamen,Infiniti,2004
802,Gerti,Walduck,Mercury,2001
803,Deonne,Grim,Ford,1992
804,Muffin,Bartomieu,Lincoln,
805,,,Infiniti,1998
806,Andy,Thrussell,Lexus,1996
807,Giorgi,McLarty,Land Rover,
808,Lyndsie,Harcase,Ford,1985
809,Bette,Abrahamsen,Mercedes-Benz,1984
810,Bondon,Hyndes,Toyota,
811,Carla,Kelleway,MINI,2011
812,Vyky,Ghiotto,Dodge,2009
813,Izak,Abby,Subaru,1989
814,Joana,Sabatier,Maserati,2010
815,Alvin,Brunone,Lexus,2002
816,Swen,Clayborn,BMW,1992
817,Devora,Juan,,2008
818,Mikkel,Sebley,Dodge,
819,Krispin,De Dantesie,Chrysler,2009
820,Martino,Artindale,Land Rover,2003
821,Huntington,Deviney,GMC,2002
822,Hally,Parken,,2002
823,Dolf,Vannuchi,Ford,2007
824,Nicolle,Cottis,Toyota,2006
825,Carmon,Dallicott,Subaru,1991
826,Blair,Glencorse,,
827,Kermie,Kanzler,Mitsubishi,2001
,Maud,Tubbs,Pontiac,
829,Johan,Ivanishev,Plymouth,1999
830,Delmor,Ethelston,Hyundai,
831,Hildagarde,Devil,,1990
832,Melisent,Hue,Kia,2002
833,Jaquenetta,Bras,Volkswagen,1994
834,Naoma,Kyngdon,GMC,2002
835,Shawn,Goffe,Ford,1986
836,Penelopa,Starbucke,Chevrolet,1970
837,Hillary,Cator,Dodge,
838,Sheppard,Natalie,,2004
839,Claudie,McPherson,,1966
840,Angeline,Dury,,2006
841,Hailee,De Carolis,Daewoo,1999
842,Desmund,Raeside,Chevrolet,2000
843,Vito,Ranfield,Jaguar,2012
844,Christopher,Neville,Lexus,2011
845,Peggy,Chomicki,McLaren,
846,Mayer,Edmund,Nissan,1992
847,Johnny,Mumbeson,Audi,2003
848,Atlante,Hinkins,Mercury,1992
849,Tait,Arlet,Volvo,2006
850,Donall,Truckell,Hummer,1998
851,Foss,Woodington,Land Rover,2009
852,,,Ford,1995
853,Marguerite,De Luna,Oldsmobile,1997
854,Dael,Wrankling,BMW,
855,Meredithe,McIlraith,Cadillac,1954
856,Pattie,Haggett,Acura,1997
857,Afton,Laurant,GMC,1995
858,Tyne,Icom,Buick,1994
859,Ardys,Rohlfing,Mazda,2005
860,Cloris,Schaumaker,Dodge,2006
861,Saundra,Thresh,Ford,2007
862,Keir,Dunk,Ford,
863,Alyosha,Amberger,Ford,2012
864,Don,Witherow,Volkswagen,
865,,,Kia,2007
866,Lani,Swaine,Mazda,
867,Ginger,Lebreton,Mercedes-Benz,2000
868,Lind,Morrice,Pontiac,1985
869,Shina,Kaspar,Mercury,1987
870,Josefina,Ghione,Dodge,1995
,Rozina,Driffield,Mitsubishi,2012
872,Benjamin,Poulglais,,
873,Samuel,Ruseworth,Ford,2002
874,Lanni,Dumblton,Chevrolet,2007
875,Jasun,Aslie,Buick,2004
876,Heall,Chasemore,Toyota,1993
877,Gerladina,Phateplace,Mitsubishi,
878,Ailis,Fellowes,Mazda,
879,Barron,Coping,Pontiac,
880,Ninnetta,Lanney,GMC,1996
881,Cynthy,Blay,Porsche,2013
882,Marjory,Trench,Saab,1987
883,Jamaal,Ravenshear,Ford,2010
884,Norrie,Coolican,BMW,
885,Andriette,Duigenan,Land Rover,
886,Keir,Viles,Mitsubishi,2006
887,Therese,Linde,Buick,1991
888,Clareta,Wyre,Pontiac,1966
889,Kendal,Durrell,Buick,1995
890,Noel,Hatherell,Hyundai,2010
891,Shawn,Purseglove,Dodge,1996
892,Katuscha,Lewknor,Mercedes-Benz,2003
893,Aldrich,Purton,Ford,1988
894,Jennifer,Thacke,Honda,2009
895,Read,Santon,Mercury,1994
896,Nolie,Grzegorek,Dodge,2009
897,Darleen,Emps,Toyota,2004
898,Ericha,Kirtland,Pontiac,1985
899,Dasi,Wanell,Mazda,1997
900,Geno,Duiguid,GMC,
901,Dane,Force,GMC,2001
902,Sheffy,Cooling,,2006
903,Marylinda,Teas,Mercury,2003
904,Eddy,Moggan,Chevrolet,
905,Orazio,Macbane,Volkswagen,2003
906,Joete,Bartholin,Oldsmobile,1999
907,Gusty,Judge,,2006
908,Reginauld,Malyon,Oldsmobile,2002
909,Corbie,Toma,,1990
910,Viole,Mohammad,Porsche,
911,Geoff,Glisenan,Pontiac,2005
912,Sibilla,Hirtz,Chevrolet,1984
913,Hoyt,Matejka,Pontiac,1987
914,Chancey,Pawley,Ford,2010
915,Carlee,Drewry,Acura,2002
916,Wilmer,Rigmand,Land Rover,1999
917,Garrek,Belasco,Honda,2012
918,Orelle,Pearmain,Chevrolet,1996
919,Floris,Featenby,Dodge,2007
920,Israel,Wittrington,,
921,Gavin,Lidell,Land Rover,
922,Joeann,McCoish,Volkswagen,
923,Tab,Eichmann,,2006
924,Phip,Brunskill,Lexus,1999
925,Nerita,Wetwood,Mitsubishi,
,Florri,Aluard,Alfa Romeo,1994
927,Vincent,Cragell,Honda,2001
928,Clevie,Callis,Pontiac,1990
929,Carrol,Jeannot,GMC,2008
930,Elsie,Chanders,Lexus,2012
931,Nelie,Patmore,Acura,2009
932,Mattie,Donoher,Plymouth,1993
933,Beatrice,Jackett,Acura,1997
934,Christophorus,Earles,GMC,2012
935,Jessi,Boath,Cadillac,
936,Ferrell,Crush,Kia,2012
937,Daffie,Heintzsch,Buick,1990
938,Catharine,Shadrack,,2010
939,Gabriella,Northway,Land Rover,1994
940,Penelopa,Cammoile,Mazda,2011
941,Seana,Boodle,Mazda,1983
942,Ad,Sissens,Honda,
943,,,Jeep,1994
944,Kittie,Brodeur,Jeep,1995
945,Aldwin,Anwell,Ford,1991
946,Pia,Juanes,Toyota,1993
947,Huntlee,Wloch,Kia,2004
948,Doralin,Pattle,Mazda,
949,Ebeneser,Trousdell,Toyota,1998
950,Magnum,Shadfourth,Plymouth,1992
951,Codi,Cartwight,Toyota,2009
952,Agata,Stolworthy,Ford,
953,Pegeen,Skoof,Infiniti,2011
,Sherie,Mussalli,GMC,
955,Fancy,Ericssen,Mercedes-Benz,1993
956,Ozzy,Mort,Ford,2009
957,Rochell,McDonand,Audi,2001
958,Hewet,Besnardeau,Dodge,2001
959,Rudy,Sapir,BMW,2008
960,Idell,Brislane,Mazda,2003
961,Ferdy,Zappel,Dodge,2001
962,Michel,Hafner,Porsche,2012
963,Lucky,Buxsy,Hyundai,2011
964,Abbey,Castell,BMW,2007
965,Dwight,Cousans,Mitsubishi,1988
966,Dael,Lithcow,Volvo,2006
967,Louisa,Djurkovic,Chevrolet,
968,Bathsheba,Naisbet,Buick,
969,Annetta,Reddie,Pontiac,2001
970,,,Ford,1992
971,Glenna,Lickorish,Toyota,2000
972,Abel,Harker,Chevrolet,1997
973,Thebault,Hedylstone,Lexus,1998
974,Tad,Abramzon,Infiniti,2003
975,Dael,Luquet,Ford,
976,Grissel,McCarry,Volkswagen,2012
977,Babbie,Bestwick,Suzuki,1995
978,Kirstin,Minger,Chevrolet,
979,Thatch,Goroni,,
980,Allegra,Besset,Subaru,
981,Darelle,Gettins,CitroÃ«n,1948
982,Clarance,Greep,,1995
983,Lynde,Warrington,Jeep,2012
984,Karissa,Atkyns,Mercury,1997
985,Raleigh,Halfacre,,2003
986,,,GMC,1994
987,Prisca,Slowey,Ford,2009
988,Maryellen,Deeth,,1992
989,Lazaro,Drakes,Ford,1994
990,Oneida,Slite,,2006
991,Stella,Snelle,Plymouth,1998
992,Nikolia,Nix,Mazda,1984
993,Rodi,Quinane,Lincoln,2008
994,Theadora,Fetherstonhaugh,Dodge,
995,Tamqrah,Cestard,Saab,1989
996,Allys,Wadworth,Land Rover,2012
997,Freddie,Jaray,Jeep,
998,Waylin,Gylle,Dodge,1996
999,Mallorie,Brennans,Ford,1988
1000,Laina,Fassam,Chevrolet,1993
